{"cameraMode":{"drawMode":0,"name":"Shaded","section":"Shading Mode"},"sceneLighting":false,"audioPlay":false,"sceneViewState":{"showFog":false,"showMaterialUpdate":false,"showSkybox":false,"showFlares":false,"showImageEffects":false,"showParticleSystems":false},"in2DMode":false,"pivot":{"x":20.203998565673829,"y":2.651890754699707,"z":-52.945735931396487},"rotation":{"x":-0.014747110195457936,"y":-0.9775508046150208,"z":0.1970386803150177,"w":-0.0731625184416771},"size":38.53076171875,"orthographic":false}