{"cameraMode":{"drawMode":0,"name":"Shaded","section":"Shading Mode"},"sceneLighting":false,"audioPlay":false,"sceneViewState":{"showFog":false,"showMaterialUpdate":false,"showSkybox":false,"showFlares":false,"showImageEffects":false,"showParticleSystems":false},"in2DMode":false,"pivot":{"x":14.448028564453125,"y":16.3700008392334,"z":-21.596965789794923},"rotation":{"x":0.06941377371549607,"y":-0.9303464889526367,"z":0.24341168999671937,"w":0.2653072774410248},"size":2.4750001430511476,"orthographic":false}