{"cameraMode":{"drawMode":0,"name":"Shaded","section":"Shading Mode"},"sceneLighting":false,"audioPlay":false,"sceneViewState":{"showFog":false,"showMaterialUpdate":false,"showSkybox":false,"showFlares":false,"showImageEffects":false,"showParticleSystems":false},"in2DMode":false,"pivot":{"x":35.42717742919922,"y":64.91777801513672,"z":156.37594604492188},"rotation":{"x":-0.08892747759819031,"y":-0.7412872314453125,"z":0.10023273527622223,"w":-0.6576765775680542},"size":13.501730918884278,"orthographic":false}