{"cameraMode":{"drawMode":0,"name":"Shaded","section":"Shading Mode"},"sceneLighting":false,"audioPlay":false,"sceneViewState":{"showFog":false,"showMaterialUpdate":false,"showSkybox":false,"showFlares":false,"showImageEffects":false,"showParticleSystems":false},"in2DMode":false,"pivot":{"x":0.06319443881511688,"y":0.1300329566001892,"z":1.8160440921783448},"rotation":{"x":-0.11141215264797211,"y":-0.12220674008131027,"z":0.013807063922286034,"w":-0.9861350059509277},"size":1.1121937036514283,"orthographic":false}