{"cameraMode":{"drawMode":0,"name":"Shaded","section":"Shading Mode"},"sceneLighting":false,"audioPlay":false,"sceneViewState":{"showFog":true,"showMaterialUpdate":false,"showSkybox":false,"showFlares":true,"showImageEffects":true,"showParticleSystems":true},"in2DMode":false,"pivot":{"x":721.2954711914063,"y":-17.01116180419922,"z":895.6914672851563},"rotation":{"x":-0.07919128239154816,"y":0.11548053473234177,"z":-0.009233118034899235,"w":-0.9901508092880249},"size":15.238574028015137,"orthographic":false}