{"cameraMode":{"drawMode":0,"name":"Shaded","section":"Shading Mode"},"sceneLighting":false,"audioPlay":false,"sceneViewState":{"showFog":true,"showMaterialUpdate":false,"showSkybox":false,"showFlares":true,"showImageEffects":true,"showParticleSystems":true},"in2DMode":false,"pivot":{"x":-3.202458620071411,"y":-0.00858177337795496,"z":-0.5550098419189453},"rotation":{"x":-0.08190551400184632,"y":0.13916316628456117,"z":-0.011552663519978524,"w":-0.9868214726448059},"size":2.6498653888702394,"orthographic":false}