{"cameraMode":{"drawMode":0,"name":"Shaded","section":"Shading Mode"},"sceneLighting":false,"audioPlay":false,"sceneViewState":{"showFog":true,"showMaterialUpdate":false,"showSkybox":false,"showFlares":true,"showImageEffects":true,"showParticleSystems":true},"in2DMode":false,"pivot":{"x":-0.9914298057556152,"y":8.461197853088379,"z":9.789294242858887},"rotation":{"x":-0.14106564223766328,"y":0.5201389193534851,"z":-0.08757805824279785,"w":-0.8378089666366577},"size":17.147302627563478,"orthographic":false}